year,total_emissions_avoided_kg_co2
2015,4037917.519063925
2016,8075835.03812785
2017,12113752.557191774
2018,16151670.0762557
2019,20189587.595319625
2020,24227505.114383552
2021,28265422.633447476
2022,32303340.152511403
2023,36341257.67157532
2024,40379175.19063925
2025,44417092.70970318
2026,48455010.2287671
2027,52492927.747831024
2028,56530845.26689495
2029,60568762.78595887
2030,64606680.3050228
