year,total_energy_saved_kwh
2015,3403634.97603535
2016,4891134.97603535
2017,6378634.97603535
2018,7866134.97603535
2019,9353634.976035351
2020,10841134.976035351
2021,12328634.976035351
2022,13816134.976035351
2023,15303634.976035351
2024,16791134.97603535
2025,18278634.97603535
2026,19766134.97603535
2027,21253634.97603535
2028,22741134.97603535
2029,24228634.97603535
2030,25716134.97603535
